name,Mac
Irwinn Lorkins,5a3cd510213f
Sinclare De Freyne,3638f7df63bb
Tudor Ferrarini,06ce10f1cbd2
Carlene Spikings,4efff11dd8e1
Dilan MacIlurick,ddda590a6906
Tulley Burle,eded48d1647d
Gerhardt Lebell,e59535c0e4fa
Gayle Milward,105138c2851a
Jackie Mixworthy,9b4799459505
Jayme Roast,c4ed97362b14
Kelvin Zamboniari,1e95decc348e
Kit Grayer,8793117d041d
Walker Aucourte,2d89db103752
Nikki Orbon,0598789a3148
Jerad Muckley,d3af73ea862f
Woodie Alban,ce95e61717a8
Pamelina Demangel,0d2028b6310a
Lorelei Shaw,39ba5457de93
Violet O'Noulane,c3004e36b4fe
Hashim Rubenov,da021edb4850
Abdul Cockarill,35518f942a31
Conn Johannesson,2afd4c787c82
Adrian Tuckwell,48dcb6adca93
Wenonah Coom,18bea5a1af50
Freddy Simondson,79b69a24954f
Gasparo CampbellDunlop,eef1f200c717
Kali Becks,593df3693a9a
Perri Lowres,4e979f8740bd
Rinaldo Parres,a930a08be01b
Mommy Alldread,b253320f0ccb
Elnora Revie,3064df99c0fd
Porty Vasyutichev,d83248ba414e
Tremayne Binnell,74de4702a780
Abelard Honacker,6844283c262f
Elfreda Henrot,39f0d3d3617e
Lance Kofax,e787bbe14cb4
Chrisse Clipson,a56cf10989bc
Pieter Chiswell,62ad87acd0fe
Kennith McArdell,444a2285bed6
Tiff Eilers,e4178a981323
Heda Greville,2f6167f71281
Naoma Forestel,ece9f0b2f476
Adara Honniebal,94ffe3573eb7
Garv Cuesta,d3c5fe8875e4
Wren Bilovsky,eec9b2c32424
Tracy Feltham,6e4f43b15ec0
Shaine Ismirnioglou,164536f61887
Dunstan Kirtland,8512515bb6ca
Ellsworth McGlaughn,99edf9a4d8c2
Euell Flemming,438041e90056
Horst Rogge,e4fe25b0f4e9
Nathalie Burhouse,7383fda77b0b
See Habron,998566d440c2
Maury Oakman,689a9d682981
Rosemonde Calabry,20cfc493de5e
Debi Mingauld,d3aedad38e42
Fernanda Kleisel,56b48c02777f
Rhoda Skipsea,15b7b36a241b
Laney Dollman,8fda15dd20bb
Gwyneth Stuehmeyer,bdb6c704dc47
Jefferson Older,0c13ae4922dc
Rosamund Campe,fd809fd91dc2
Idelle Skellon,133c8fe49bf0
Shandie Bollum,74137e3c6c9d
Dolf Yapp,2751f9f65104
Kirby Plues,0967504f2647
Vivian Eltun,1f74265d3b03
Tina Cockin,683f405fb236
Alick Grimsdale,ef5c7c563afa
Theodore Tytterton,193ea90314b2
Gualterio Thornewill,aa0d3004f14b
Alessandra Lovewell,d96553586b16
Deena Dawson,5eb67f8bae1b
Lorena Maris,7ec775e921cb
Vally Swynley,cfef3ba4b691
Kelbee Heffernan,dad9c0a76aa7
Malynda Merriton,3e4b812b9227
Lyle Lloyds,36e0ee402ce8
Carlos Fisher,2987113114a4
Astrid Checchi,775f36c20f40
Janeta Prosh,f30eac02bdc4
Iain MacKenzie,0ac7af2999f3
Reed Kohnemann,c5a94bf543f7
Merrile Towhey,b62016d35c7c
Anatola Penhaleurack,cc44241992f1
Estevan Blood,58570ec69213
Hedwig Imorts,c67cef80ddd0
Francisco Selbie,20fd8bb85ab9
Ross Dymocke,c469d4fdca54
Jade Mowne,0bd196c4ce9b
Arney Fetherstonhaugh,59f48f458847
Katharina Drissell,6a629195db2b
Iseabal Cockerill,7cc15b48207a
Sallyanne Perllman,a200edcda5d9
Morrie Fereday,3f1c011eb10f
Felizio Handscombe,e7c6fa18bc34
Vergil MacGuffog,5371b3f86ce8
Kakalina Spellecy,68bdf5c40836
Aprilette Harrismith,a0aeaf1101d6
Darrick Langstaff,8e9aa835c03b
Claudie Kach,f8364c6d54aa
Burk Heake,d290509f3c80
Cybil Goodluck,3fdd995b76e4
Dannel Yarrow,d49cba017081
Emilio Desorts,cc5cf61c3db1
Judy Glendza,1257ef95d8ab
Rolph Dollar,49af4e96929e
Hanni Tomlinson,d04c17b5fc83
Caryl Ridgway,2bd1d48820ba
Knox Goodey,f85cbb643736
Rockie MacLaig,f139211a57cc
Terry Ribou,20aec3f67927
Dayna Trever,3a8bf64213d8
Ulysses Gimber,76705274dcec
Jerri Deares,d1bc13262f68
Osmund Cassam,77172b6c8d5e
Korie Zanolli,8e2e4c927a2e
Aurea Livermore,453f9f06587f
Ashlen Hearon,077749e324fb
Lea Braune,8378e9775d69
Eleanora Grevel,4bfe56ef78d1
Stearn Dennison,c4017185abe0
Massimo Chsteney,a7e760b24fb7
Cassie Cutbush,57d4906b0b96
Cleo Rustman,c17bcfef233e
Page Regnard,162cd98747e1
Daniel Dunrige,9f184562b9ec
Sheri Spencley,be08c64758ac
Saul Newlands,0012816180d9
Torrie Tarbet,d69dc3a05b88
Letizia Wolfenden,10c3da719e31
Luise Woolstenholmes,c37b84b6e9b0
Phoebe Scammonden,cc5830dc86ae
Othello Causby,556b0867f3e8
Camella Gaspar,5f135b0c381c
Hildegaard Stelli,0c70a82ee6b6
Neda Renackowna,417c1d421afb
Sunny Aris,755a01950ea8
Cazzie Ingley,07a24d251f21
Artair Finlow,f9ab7508a884
Sam Sharple,5662c911cea9
Natalya Noto,116fcab82438
Loutitia Loyd,49b6c94b803c
Jorrie Wyett,da7ebcf7232e
Fredi Grewer,98545e417185
Wernher Oty,d5f27c33eadc
Lauretta Berfoot,23c799e5200b
Beckie Bernhardt,ef145561557d
Darb Danzelman,3a5cb0823d85
Samaria Booeln,94272a0473ad
Kevin Futter,100594fcdcff
Ulises Lechelle,3380d49d1cde
Bernadette Cumbes,b8583a9bd6d4
Missie Whetnall,3b41e7d4008a
Benedick Turfus,23ca2b16b53a
Huey Blades,01a98a2b2bac
Rasia Ascraft,ce1e8a7361df
Amabel Burris,0a0bd0ea80f9
Bendite Castenda,460d0e6759d4
Brok Derwin,cba5161e5936
Niven Escreet,b2742c85f9c2
Kimball Judron,175933c87432
Angie Naisey,a5b840b95cc3
Veronika Grossman,b688e40a7a1b
Shaw Sheringham,2a581b90032b
Emmalynne Ripping,4fb67749cadf
Mordecai Mariault,7b6452704010
Gerda Kuhnwald,fd6f68612955
Lizabeth Oiller,f60dede7662b
Junette Schoolcroft,1cfc328d7bfc
Malvina Balaison,6cadfa893ae8
Farrand Hanssmann,308b1546fbf1
Oliver Rosenzveig,b792192f8f5c
Cairistiona Banaszczyk,6bb193dfa7b4
Bev Idell,62954b1a1307
Olenka Averill,996b4483da6b
Willey Mayzes,a4c5dd87dc2c
Mortie Rivalland,95769c8f7ec0
Betsey Doag,3de61e3a5d74
Valry Ianson,f1e11100a723
Tommie Egle,9f3840b3ad81
Sybil Ghidoli,0eaf6a4361ee
Abbi Darcey,60aa3a268bf8
Shaine Cromar,a4360c409524
Max Klagge,1d257fa56a80
Laurence Esche,1ebef52689c1
Rachelle Keary,b314b1db910f
Ninetta Casseldine,2f17df4f582c
Maynard Slaten,1c6c80737efd
Derrek Saulter,b8a0fd25ff57
Bride Schild,52740cfbf63d
Talia Clymo,f61447c0a348
Rochella Coatman,27952350051d
Ximenes Blissett,21b5c36b2998
Mason Petofi,4efdf660f029
Johnnie Janda,7ffa4b101e41
Kipper Matchell,01bcffabd10d
Willyt Meatcher,2a790646658f
Nelly Winser,6de89f9bcd30
Hyacinthie Margett,006e36e6e8bf
Lola Petrushka,7c5f41ed6b7a
Corilla Nussii,c7c3fa1da269
Francoise Handrock,4f238e1ac5f4
Marris Durran,3a1f5aaa380c
Sadye Lownie,b2a852d7a578
Gualterio MacWhirter,e898b377ca91
Janina Eloy,5bf7fcaedb19
Rolland Hellicar,cb28db36b6e6
Merwyn Fayer,87210500cc99
Brendon Titmus,3044d6f82d5e
Lorine Karpinski,27c5145132e2
Penn Nield,c9ba8d5d9ef7
Micky Janousek,082e81c85fe0
Rogerio Gaitskell,21bf89351a6e
Anatola Boule,1979e92725b1
Edgar Clementel,8045199e554b
Hillel Hemphrey,681e354da830
Aloisia Tribble,cc774be3f4f5
Shirleen Orrock,75145e532a7e
Giorgi Bernlin,6fba9222a94f
Ulrika Freake,8645afda5fa0
Christie Bradley,5ddd76f2e3e5
Karine Brotherhed,382b557dc911
Salim Greeve,441fed21a076
Chantal Hulett,3fd1a53aa858
Arvy Mather,6089ce76e3c8
Rainer Ianilli,6d45b7604fe0
Elle Bulstrode,c70c98275951
Kerri Say,8cded5d7af7e
Karee Bottrill,1a2c8a88183d
Stacey Bellison,4304d1360d0a
Claudia Jorez,d660331d941a
Reynolds Osselton,e36a3978b3ad
Karrie Escalera,944a06bfc3d8
Dolli Ploughwright,c556b0d7954b
Heriberto Ragles,3af02fc51738
Rafaellle Julian,e8e1a6c3fa3d
Tracie Skirving,6b6477bb3a21
Didi Kalinsky,019d419652fa
Hermione Probin,9b15808ad4b0
Eleanor Endon,3060de1d8bfa
Claribel Pettinger,e6bda5c330b8
Murdoch Marriner,99ce05dbd9da
Adamo Gouny,80b32702033c
Fae Frail,6ce9612bbbe7
Nealy Wooder,bc1ab9bb8dc2
Rhona Yates,a748ccdf8f04
Rad Pude,4d5601ab9145
Hedy Leadbetter,6f918e1c1bbb
Alfie Pinnijar,e13db4c0a1ff
Edmon Peotz,63cdb693c192
Gaile Bassilashvili,f73b7706880c
Dre Wittering,1e2c363c594f
Staci Alliban,3e468d8c0e61
Hatty Godman,8adbe4bca44e
Hubey Gallen,af1614b78da9
Arnuad Whitman,5e22d247e23a
Korie Langsdon,1f0559eec461
Tallie McLugaish,be58a643a7a6
Angy Lohering,b81ce11703e8
Noll Diwell,32753c9fb744
Herbie Esche,b6b09413f899
Atlanta Ruben,b47fb8912c42
Renee Rainy,594c553d297d
Farica Burnel,004ee8cc11a7
Em Lathwood,0d0ff0268c1a
North Sagar,506df04f8f8d
Debby Penticost,d46fe7718ae9
Kayle Amer,204a631a9bbe
Neile Labram,cd2a5c0aa977
Graehme Wheeliker,96d02120b767
Jennine Extence,21476380e644
Robby Helis,445336a7cd19
Farrell Webberley,6197876a1937
Corina Collyns,1529bcd6d8f4
Twila Melling,42739b488db0
Ari Mazillius,4248c068b18b
Clint Axelbey,6912e258a6b1
Cello Tincombe,0558c29729e7
Anthea Becarra,2b927b45f95e
Harriette Courson,558b2a5809e7
Pammi Minillo,d1f6ac794463
Joye Stockdale,857de0f985c4
Iorgos Fussey,6e3fb8a3f291
Antone Santus,d1e30f73f15e
Franciskus Bretherick,c9847b78cbde
Tabor Swannell,c3154a464c6b
Dorolisa Sambells,5a9f3745a6ed
Wood Ackers,a13c940e36e9
Cathy Goretti,fe3262026043
Madelena Paulack,8fc3c8ee1a64
Clea Presho,23bf0005024d
Clark Kentwell,3a1af4abeefe
Almeria Rosbrough,63d9b7d229d8
Yancy Tinkler,8d69d4e0d933
Maiga Wither,f2ed8b560b6f
Bryan Duffell,740f70fffc79
Emmey Horrigan,9c7a01cd72aa
Helenka Tomkiss,bf43c88cb831
Bent Toffolo,55541cde3961
Bastian Mullarkey,aa8a4d85173c
Gabby McTrustie,41228ac89bc0
Phedra Heed,37168a3dec3d
Velvet Phalp,922a61a018b6
Paulie Ornells,f9ee579b6ef1
Joellyn Georgeon,e4a5b097c964
Fowler Staddart,09e50ad1a5fc
Annadiane De Courtney,0c9a66d33c38
Lothaire McCerery,1438b640eed2
Coral Dollimore,826c42963e32
Annmarie Bratton,e5f703a3a21a
Cindi Dedrick,c0443f2b4701
Chere Mc Meekan,8961a2d73a41
Julina Brandin,486214637064
Marice Saddleton,34c607c0f9e5
Ferris McLennan,517862b369bf
Kilian Plumridge,9f701cd9f442
Kitti Boise,ad8d1fd614b4
Bessie Zecchi,9c2f1a3b8fb5
Estell Rockey,206bbcf0adae
Ivory Pennick,776f65b8cc6d
Frederique Cant,935890d8f0e1
Becka Sarre,e708582f3fb7
Patrick Bummfrey,efa8911147d9
Archambault Janosevic,7290f0ea3821
Valdemar Bauldrey,c82a6b0c20a1
Flss Zucker,80b6f388440c
Bria Seeviour,9b9b67cbbc38
Karlyn Albone,e6fbecd6f498
Kate Caldeyroux,b62c337665bd
Georgeanne Dykas,413fecb1ca6d
Dollie Blyth,9c6b133595b5
Arlen Axup,7c110f34f277
Melli Duckerin,fa291f948313
Biddie Simester,2ebc6f7b4d17
Sheila Rollingson,2982d1bdee81
Bern Thackston,9e1edebba567
Ganny Horder,f4ba028d7e54
Paige Pinkerton,cb7545957f71
Annice Eke,7ca24b82439f
Salomi O'Luney,a31d45506d60
Ethelind Lievesley,49b45e1240fa
Antin Kanzler,2606eb565879
Winne Jaquest,650e84c295bb
Colly Ballston,672dc447ff2c
Reba Volette,a7b54e25178f
Otis Matushevitz,eedab0c28658
Ardelia Savile,161f35ac55d7
Rodrigo Guillard,e9733b8fd908
Gradeigh Batisse,b45930ad4efe
Corabelle McOrkill,e96e312e9749
Dorisa Fortescue,f47e63aac3c5
Oliver Bolle,008929346b7b
Em Redmayne,38813009eda4
Errick McCrohon,313c54cbaa62
Giralda Brognot,8edac9815461
Stearne O'Dunniom,c1c1b21680e3
Shelden Costan,ae0346ecc4e6
Erhard Cashen,1e52d54ab14b
Pierette Tirone,c26c45568eac
Merrill Boullen,2357d2143c01
Kendricks Gritskov,51f3deae938f
Esta Hurlestone,a4d4b6aca3fe
Buddy Osban,c070949a7c25
Tristan Abramamov,23e788b6f38a
Belinda Masterson,4a2a48d64a0d
Freddy Patman,583cddd91dd5
Kenneth Hunnybun,fe54b2764a85
Skip Hysom,780c13fad959
Marguerite Davers,ae9197fc5947
Thomasin Fripps,dec5df8ae311
Beverlie Penniell,854758472596
Merilyn Stolberg,9d1da55d601b
Zak Dotterill,b1b6027ee901
Claretta Farncombe,e519022cc61f
Lambert Astley,6b5a182c32a3
Berti Mattessen,b3c17baad111
Cory Forber,fb50ee9a14d3
Siward Gooms,179be6820b28
Corby Cumesky,6cd64d2d58fc
Walton Cotgrave,62d7fe927573
Clarette Rump,c4e160cb368e
Ezechiel Dumbrall,5315949c1308
Kit Congreve,601dfa028d2e
Filippa MacGray,a4d832afaa62
Desirae Benterman,3a2c734f3dea
Hale Wakeman,3c12fca65912
Ingaberg Elsop,26e90cc1b967
Arel Slowcock,ea0f017d5a23
Gideon Chesman,63668ab31621
Andra Gauford,cfb69d204d89
Dalt Jesty,bfa2b2003797
Johnny Simecek,4c74f8028083
Jeth Emmitt,c4ee5c3af37f
Esteban Pinare,f007e20f55d8
Lorrayne Luxon,ebb51c6999a9
Kylen Beggini,d3eb43ac673f
Emilie Emerson,4b2ba10f0b65
Etienne Stenning,42eb678265e9
Valenka Ogbourne,799a5f36c451
Peterus Sturdy,c14d851b4586
Ed Peizer,4207d8a080e0
Rolfe Cory,42857261c942
Massimo Goode,41760436a438
Kev Armal,6bb162afbbe8
Laird Alfuso,ba75605eabb6
Isaak Munt,05ec51eca2af
Marcellina Ingon,49fcbd42bd7f
Burr Fussie,1561520ec15c
Elmore Musico,736a68bcd68f
Bobbe Gilbert,99050b9ffde8
Oliy Dubery,96a466921c07
Ilsa Teal,63d51c8e3a49
Marilee Van Schafflaer,5d5ccfff7c06
Shirlene Prati,0e14089cce65
Bennett Fernley,f7a7a03c71dd
Rodrick Rabley,bb4c11db866b
Borden Viveash,8f78860cbaad
Cordie Blaxeland,6f0272eaf27b
Sigismondo Scain,f1000c39131d
Oswell Blagden,d0e9a241096e
Manny Tabourin,7d73094c979b
Filberto Greep,034178947442
Gerek Colt,b1645c98e514
Carolyn Ravenscroftt,0a924a6ec5da
Iormina Leyband,de2c77da0ed5
Padraic Alderman,8c1b54a3eabd
Bernardina Parcell,1a59e603136d
Winfield Dommersen,668ebf54c098
Annecorinne Marchello,84116bde89e6
Nerte Bridgeland,ec921f341f46
Filip Flobert,5940f0fa388f
Tudor Coole,a95a4558d412
Friedrick Caroline,a31dd038a457
Xylina Millwater,7597787b0c07
Ogden Sewards,090de0ef4d35
Hasty Carayol,b3b265b467e1
Mandi Edgeson,2cb39f90f21c
Darryl Spier,6144ddf3cf9f
Davin Romaine,364a613df140
Pamelina Norsworthy,4a5f4445c2c0
Hestia Bartolomieu,9fd40f558eca
Heidie Biddy,f12dcd431948
Nil Scaice,91533b5a93b0
Mahalia Monkley,4a7f513d5a79
Keely Cranna,bad874f1b33c
Byron Laughren,30d9c3262704
Joy Blinman,6811894c7181
Ernaline Antunes,315f7ffa853b
Katharine Solomonides,7278396a6e60
Norbert Rigmand,c1accae04dd1
Masha Masham,25b2525d474d
Bennie Belin,88c02cc1ef19
Lorettalorna Gallone,d1abb16c5b11
Kirsteni Smitten,81c462a42414
Obie Keary,a7134ed510df
Poppy Durning,c106f98c3188
Germayne O'Nion,7455ce955276
Peria Guinn,54b95c801ace
Jere Pietrowicz,76d7f8f003d6
Rivalee Slate,32326a000be7
Sabrina Guisby,38c22425a711
Giselbert Maud,b1a8f2c3cd85
Townsend Doag,f9efc7b8583b
Yard Renzo,c5954bd23ea8
Wang Maxwale,f3a84a954409
Jill Grodden,edd2d88cb4e1
Jessey Presshaugh,ab30f1474b9e
Elvis Fincher,e081a7e8da0a
Kellie Deverall,c4a867b725c2
Maiga Mursell,32fa7571263c
Ingeborg Whisker,a18c644100b6
Garnette Crook,d03a91b21180
Jameson Grabeham,1454bdfd9bc4
Dagmar Shakshaft,045aad2b94bf
Tim Kemsley,56e3f14d64aa
Natka Tsar,14e313e3a045
Jennilee Theodore,920f202d0547
Tanny Hulance,c4a521da70e2
Sherry Jowitt,8ffaf27e9e0c
Lavinie Kingsnode,c6243ad9d2f4
Cindie Bloor,7781cd4a0365
Emmey Bladen,b6ad6bd21bb3
Juliette Lapley,a9a9ea24ed49
Dominga Hunsworth,dde50095959c
Cacilia Pegrum,1a519e043dbe
Brigg Clementi,25a734d71cb7
Willi Sawyer,9a88dea4268f
Miriam Lockhart,cf7d674165e5
Eleonore Ledgley,5b04b6eb01cd
Brita Caffin,243bd5b78862
Welsh Manion,c79b4cad36ae
Hadlee Dudley,bf0c08074839
Richie Klaves,416cf9a0dd42
Hallsy Cocke,5b07f61bcf71
Jocko Pashenkov,fa928b3681ba
Alessandro Belsey,27847cdae95a
Artair Hulle,3444c0c13198
Mariska Adnams,4f9d1899a9ed
Padgett Tams,7ee193824766